epoch,training_loss,validation_loss
0,1.891600561,0.628006637
1,0.521544914,0.538884223
2,0.479686332,0.509030252
3,0.442551643,0.487703531
4,0.401220171,0.445416275
5,0.365750156,0.471235746
6,0.338090603,0.371433852
7,0.312126716,0.330841422
8,0.274662029,0.293586943
9,0.277014682,0.264740157
