epoch,training_accuracy,validation_accuracy
0,0.62305582,0.71625
1,0.732916663,0.773499988
2,0.774999976,0.768500024
3,0.788194418,0.7525
4,0.811527779,0.811527779
5,0.845111104,0.807999976
6,0.850583313,0.821250024
7,0.867861116,0.828500012
8,0.881472223,0.868749988
9,0.876527767,0.892500024
